{
	"ProjectName": "rn-starter",
	"ProjectPath": "D:\\legalmavenfront-master\\rn-starter",
	"InitializationTime": "2019-07-23-13-27-32",
	"LastConfigurationTime": "",
	"LastNPMInstallTime": "",
	"FrontendLastBuildTime": "",
	"LastPublishTime": "",
	"BackendLastSyncTime": "",
	"BackendLastSyncToDevTime": "",
	"BackendLastBuildTime": "",
	"BackendLastPushTime": "",
	"BackendProjectID": "",
	"BackendProjectName": "",
	"BackendProjectConsoleUrl": "",
	"BackendProjectCreationTime": "",
	"BackendProjectLastUpdatedTime": ""
}